"Date","Hour","ARIMA","UCM","ML"
2005-03-01,"01",776.731471421793,1297.35012322977,766.92993
2005-03-01,"02",771.403867377569,1194.76943743104,747.0595
2005-03-01,"03",765.278780567773,1133.27201997562,728.81885
2005-03-01,"04",760.641314892079,1126.96367513732,728.52716
2005-03-01,"05",763.244165222087,1109.31128499273,741.38464
2005-03-01,"06",766.291158043955,1098.62473654423,758.66766
2005-03-01,"07",798.168121913958,1118.22145864501,801.8639
2005-03-01,"08",852.410249351266,1180.49525237883,879.0444
2005-03-01,"09",986.93250525618,1276.00400297898,1030.875
2005-03-01,"10",1005.98867691502,1303.14028774369,1056.3285
2005-03-01,"11",963.644385064629,1295.38634697711,1006.9182
2005-03-01,"12",940.751721534442,1255.37606682912,962.13275
2005-03-01,"13",925.479085342169,1225.24829281329,942.9904
2005-03-01,"14",955.159891637026,1246.09756675763,949.9839
2005-03-01,"15",953.863839342614,1222.88000731298,942.67035
2005-03-01,"16",944.737970313425,1211.27154870359,936.53015
2005-03-01,"17",967.589935823323,1236.0772148594,948.77875
2005-03-01,"18",990.281269409264,1241.32527832559,964.745
2005-03-01,"19",1064.28174269923,1320.68806053592,997.51465
2005-03-01,"20",1107.17529395713,1345.93554168471,1017.5139
2005-03-01,"21",1123.02440942552,1375.92800420363,1045.137
2005-03-01,"22",1042.95512271608,1269.97814897885,1011.3872
2005-03-01,"23",996.915073726807,1240.51707112828,974.8953
2005-03-01,"00",983.116582216553,1243.50999241296,962.14233
2005-03-02,"01",990.501782644224,1288.21883097433,958.9615
2005-03-02,"02",960.404379075146,1185.63858128989,933.9025
2005-03-02,"03",930.601463421972,1124.14160394693,894.04095
2005-03-02,"04",909.236987888256,1117.83370321906,860.9297
2005-03-02,"05",895.930881828521,1100.18176118263,843.241
2005-03-02,"06",879.88160529938,1089.49566483979,826.574
2005-03-02,"07",908.593434269426,1109.0928430435,864.3062
2005-03-02,"08",958.864964121198,1171.36709687729,983.47125
2005-03-02,"09",1115.66832374083,1266.8763115742,1161.6804
2005-03-02,"10",1130.41228701833,1294.01306443223,1199.6636
2005-03-02,"11",1072.26791848829,1286.25959575529,1135.6123
2005-03-02,"12",1038.31366224117,1246.24979169302,1066.2985
2005-03-02,"13",1011.30913493278,1216.12249775873,1023.0334
2005-03-02,"14",1034.2439391591,1236.9722557802,1029.0677
2005-03-02,"15",1030.1473367219,1213.75518440802,1041.1846
2005-03-02,"16",1017.7131078468,1202.14721786616,1065.9285
2005-03-02,"17",1036.87045718749,1226.95338008435,1092.1057
2005-03-02,"18",1058.83338050102,1232.20194360749,1097.8654
2005-03-02,"19",1120.79480940295,1311.5652298691,1122.9795
2005-03-02,"20",1165.50020131537,1336.81321906321,1133.2625
2005-03-02,"21",1189.63611220684,1366.80619362125,1160.0789
2005-03-02,"22",1110.95194803321,1260.85685442913,1130.1124
2005-03-02,"23",1066.7711962342,1231.39629660448,1103.7594
2005-03-02,"00",1056.26134970368,1234.38974190808,1093.6583
2005-03-03,"01",1060.29040240076,1279.09910848111,1096.5941
2005-03-03,"02",1018.84178447642,1176.51939080078,1081.6791
2005-03-03,"03",975.352782158836,1115.02294945413,1047.232
2005-03-03,"04",950.697367187311,1108.71558871446,1006.44635
2005-03-03,"05",930.624916063754,1091.06419065787,994.51874
2005-03-03,"06",906.296412804194,1080.37864228623,997.8809
2005-03-03,"07",932.736151104435,1099.9763724522,1053.6403
2005-03-03,"08",980.439891601244,1162.25118223904,1178.2451
2005-03-03,"09",1130.02124745625,1257.7609568795,1383.0693
2005-03-03,"10",1144.68701625483,1284.89827367129,1391.5817
2005-03-03,"11",1092.97217967938,1277.14537291803,1302.1957
2005-03-03,"12",1055.77948676966,1237.13614076907,1225.962
2005-03-03,"13",1023.66680674519,1207.00942273744,1162.6989
2005-03-03,"14",1042.91674429128,1227.85976065059,1153.4722
2005-03-03,"15",1034.55153145465,1204.64327315884,1175.1174
2005-03-03,"16",1021.54076120224,1193.03589448585,1209.0593
2005-03-03,"17",1039.48850565105,1217.84264856105,1268.5992
2005-03-03,"18",1058.16372440978,1223.09180792903,1309.6108
2005-03-03,"19",1115.0601399941,1302.455694023,1382.3973
2005-03-03,"20",1161.81777561404,1327.7042870367,1377.6223
2005-03-03,"21",1190.71709501404,1357.69786940123,1342.6931
2005-03-03,"22",1105.51093612735,1251.7491420022,1262.1873
2005-03-03,"23",1063.18564813287,1222.28919995693,1205.9462
2005-03-03,"00",1058.9397481879,1225.28326502586,1191.2982
2005-03-04,"01",1062.48935495097,1269.99325534987,1214.0333
2005-03-04,"02",1016.34531745762,1167.41416540584,1233.1338
2005-03-04,"03",970.958415715764,1105.91835578049,1200.9954
2005-03-04,"04",945.79444174209,1099.61163074681,1158.718
2005-03-04,"05",925.00502129805,1081.96087238055,1155.8917
2005-03-04,"06",901.411614117387,1071.27596768325,1161.1204
2005-03-04,"07",925.384564901897,1090.87434550726,1210.3668
2005-03-04,"08",972.081358942361,1153.14980693549,1302.1277
2005-03-04,"09",1114.87252206612,1248.66023720036,1438.9976
2005-03-04,"10",1127.38347435137,1275.79821359925,1420.0099
2005-03-04,"11",1077.04263377073,1268.04597643543,1382.7573
2005-03-04,"12",1039.92393150632,1228.03741185791,1362.12
2005-03-04,"13",1009.55429084711,1197.91136537937,1338.1344
2005-03-04,"14",1029.75405385217,1218.76237882695,1354.0868
2005-03-04,"15",1019.09783605823,1195.54657085057,1384.0498
2005-03-04,"16",1004.42716704131,1183.93987567358,1431.0516
2005-03-04,"17",1022.22085600924,1208.74731722504,1489.6053
2005-03-04,"18",1040.02413735134,1213.99716804919,1557.2462
2005-03-04,"19",1101.04853102247,1293.36174957889,1615.3416
2005-03-04,"20",1145.65828031178,1318.61104200751,1599.0369
2005-03-04,"21",1172.83427586115,1348.6053277658,1597.8553
2005-03-04,"22",1083.92690401327,1242.65730773901,1523.1012
2005-03-04,"23",1040.71380647745,1213.19807704408,1452.5138
2005-03-04,"00",1035.51135599077,1216.19285744111,1470.771
2005-03-05,"01",1040.88971771079,1260.90356707059,1520.068
2005-03-05,"02",997.86486127165,1158.32520040904,1523.53
2005-03-05,"03",955.653034677318,1096.8301180428,1486.7877
2005-03-05,"04",932.112838514838,1090.52412424449,1467.1975
2005-03-05,"05",913.134236443941,1072.87410108949,1438.4132
2005-03-05,"06",891.721183192764,1062.18993557897,1404.2772
2005-03-05,"07",916.009572858984,1081.78905656487,1434.3497
2005-03-05,"08",963.190922802278,1144.06526512974,1517.3561
2005-03-05,"09",1104.67335835723,1239.57644650561,1606.0433
2005-03-05,"10",1117.37207697756,1266.71517798948,1570.9447
2005-03-05,"11",1067.69364252254,1258.96369988422,1526.031
2005-03-05,"12",1031.55627577164,1218.95589833845,1504.7792
2005-03-05,"13",1002.44131806145,1188.83061886447,1501.4312
2005-03-05,"14",1023.41445315891,1209.682403289,1524.9242
2005-03-05,"15",1013.08295927244,1186.4673702616,1546.9081
2005-03-05,"16",998.54920653186,1174.8614540052,1610.9441
2005-03-05,"17",1016.6501004695,1199.66967844845,1718.5455
2005-03-05,"18",1034.66361813472,1204.92031613521,1796.3766
2005-03-05,"19",1097.05313359949,1284.28568849792,1819.6946
2005-03-05,"20",1141.26691517988,1309.53577572955,1779.3551
2005-03-05,"21",1167.50138844826,1339.53086026044,1677.4064
2005-03-05,"22",1078.68343159225,1233.58364297542,1519.1469
2005-03-05,"23",1035.17146906166,1204.12521899103,1473.6475
2005-03-05,"00",1029.28057646428,1207.12081006694,1529.2678
2005-03-06,"01",1035.02177916944,1251.83233434324,1607.7225
2005-03-06,"02",993.218578916314,1149.25478629602,1659.0751
2005-03-06,"03",952.177917331246,1087.76052651121,1650.1775
2005-03-06,"04",928.982489683162,1081.45535926099,1624.8722
2005-03-06,"05",910.581449493512,1063.80616662033,1604.577
2005-03-06,"06",889.766860934273,1053.12283558996,1575.2792
2005-03-06,"07",914.366867170598,1072.7227950214,1585.8473
2005-03-06,"08",961.795541644637,1134.99984599677,1655.5939
2005-03-06,"09",1104.00742928757,1230.51187374765,1751.4279
2005-03-06,"10",1116.85683999199,1257.65145557062,1748.9272
2005-03-06,"11",1066.78371014528,1249.90083176811,1710.4767
2005-03-06,"12",1030.90023271396,1209.89388848831,1688.7245
2005-03-06,"13",1002.06242904041,1179.76947124306,1677.4915
2005-03-06,"14",1023.24407404025,1200.62212185865,1665.8257
2005-03-06,"15",1013.31539027041,1177.40795898418,1658.3533
2005-03-06,"16",998.924608603071,1165.80291684215,1696.3782
2005-03-06,"17",1017.1261467186,1190.61201936075,1784.2751
2005-03-06,"18",1035.38985889489,1195.86353908339,1859.1104
2005-03-06,"19",1097.91943417881,1275.22979744205,1879.1564
2005-03-06,"20",1142.11933938297,1300.48077462925,1834.7549
2005-03-06,"21",1168.12098813823,1330.47675307488,1780.2378
2005-03-06,"22",1079.8860689688,1224.5304336633,1700.4293
2005-03-06,"23",1036.30030235931,1195.07291151059,1703.3983
2005-03-06,"00",1030.0708485559,1198.06940837596,1802.756
2005-03-07,"01",1035.75797236813,1242.78184239903,1892.1776
2005-03-07,"02",994.120806583333,1140.20520805542,1906.8192
2005-03-07,"03",953.086274465267,1078.7118659306,1852.6809
2005-03-07,"04",929.848137135297,1072.40762029626,1790.9028
2005-03-07,"05",911.423289411103,1054.75935322691,1733.4242
2005-03-07,"06",890.483911132465,1044.0769517228,1682.1566
2005-03-07,"07",915.226394880273,1063.67784463497,1702.1819
2005-03-07,"08",962.702069450953,1125.95583304507,1787.5005
2005-03-07,"09",1105.42863919745,1221.46880218419,1892.6267
2005-03-07,"10",1118.39727596523,1248.60932934842,1881.5422
2005-03-07,"11",1068.17557426908,1240.85965483971,1808.2823
2005-03-07,"12",1032.24852752288,1200.85366480576,1736.0648
2005-03-07,"13",1003.26110901167,1170.73020475792,1652.8418
2005-03-07,"14",1024.36085424895,1191.58381652199,1554.8958
2005-03-07,"15",1014.57116579932,1168.37061874657,1455.758
2005-03-07,"16",1000.27460859459,1156.76654565366,1412.475
2005-03-07,"17",1018.47465944847,1181.57662117097,1424.0582
2005-03-07,"18",1036.79433190725,1186.82911784139,1435.2968
2005-03-07,"19",1099.02516461672,1266.19635709641,1439.3796
2005-03-07,"20",1143.36789340721,1291.44831912804,1415.1625
2005-03-07,"21",1169.50374696238,1321.44528636566,1373.8429
2005-03-07,"22",1081.51239388705,1215.49995969313,1316.7488
2005-03-07,"23",1037.98585518593,1186.04343422602,1308.1489
2005-03-07,"00",1031.82187494481,1189.04093172301,1350.9779
2005-03-08,"01",1037.38336010073,1233.75437032322,1363.4967
2005-03-08,"02",995.514132828116,1131.17874450175,1308.2167
2005-03-08,"03",954.23331695491,1069.68641484355,1222.322
2005-03-08,"04",930.880494431652,1063.3831856198,1158.528
2005-03-08,"05",912.317651530129,1045.73593890446,1113.1361
2005-03-08,"06",891.20974758857,1035.05456169728,1079.295
2005-03-08,"07",915.926988871367,1054.65648284878,1092.4313
2005-03-08,"08",963.364242576087,1116.93550344004,1159.5121
2005-03-08,"09",1106.16099599535,1212.44950870166,1256.1174
2005-03-08,"10",1119.11929647392,1239.59107592919,1271.6539
2005-03-08,"11",1068.87270464623,1231.84244542402,1232.9596
2005-03-08,"12",1032.87106463854,1191.83750333334,1179.2332
2005-03-08,"13",1003.7836500515,1161.71509516795,1116.2577
2005-03-08,"14",1024.82021669258,1182.56976275311,1062.686
2005-03-08,"15",1014.99809816351,1159.35762473688,1024.9475
2005-03-08,"16",1000.69234298997,1147.75461534071,1024.8623
2005-03-08,"17",1018.86857782115,1172.56575849176,1054.4602
2005-03-08,"18",1037.16514319651,1177.81932673238,1071.9811
2005-03-08,"19",1099.28592518365,1257.18764149351,1082.6196
2005-03-08,"20",1143.66335901701,1282.44068296659,1078.116
2005-03-08,"21",1169.87794704916,1312.43873358046,1058.3479
2005-03-08,"22",1081.86436992795,1206.49449421841,1024.8551
2005-03-08,"23",1038.36414566248,1177.03905999546,1009.5264
2005-03-08,"00",1032.26562154193,1180.03765266974,1013.3271
2005-03-09,"01",1037.7998998848,1224.75219037978,1006.80927
2005-03-09,"02",995.832450679096,1122.17766760013,987.71014
2005-03-09,"03",954.465076127151,1060.68644491518,963.6038
2005-03-09,"04",931.086216444047,1054.38432659552,950.0381
2005-03-09,"05",912.48103546035,1036.73819471456,947.7303
2005-03-09,"06",891.333510465908,1026.05793627146,954.0544
2005-03-09,"07",916.022036180271,1045.66098011617,994.6713
2005-03-09,"08",963.439182329506,1107.9411273292,1080.3574
2005-03-09,"09",1106.16739649742,1203.45626314056,1179.4418
2005-03-09,"10",1119.10875901399,1230.59896484521,1199.7599
2005-03-09,"11",1068.89215209952,1222.85147274399,1180.35
2005-03-09,"12",1032.8728520268,1182.84767298346,1158.4329
2005-03-09,"13",1003.77111447385,1152.72641107387,1131.7853
2005-03-09,"14",1024.7959292249,1173.58222883987,1113.896
2005-03-09,"15",1014.93944552066,1150.37124492893,1113.263
2005-03-09,"16",1000.6188404582,1138.76939356192,1149.4927
2005-03-09,"17",1018.78753449269,1163.58169866539,1211.92
2005-03-09,"18",1037.06441943652,1168.83643278109,1262.8881
2005-03-09,"19",1099.18736295493,1248.20591733936,1303.2076
2005-03-09,"20",1143.55933602585,1273.46013253106,1308.3143
2005-03-09,"21",1169.78500633423,1303.45936078441,1288.3678
2005-03-09,"22",1081.72086797349,1197.51630298209,1248.1636
2005-03-09,"23",1038.22318897442,1168.06205423852,1223.7311
2005-03-09,"00",1032.14510552444,1171.0618363112,1245.6895
2005-03-10,"01",1037.68827571056,1215.77756733808,1286.5349
2005-03-10,"02",995.718204232705,1113.20424179309,1300.2712
2005-03-10,"03",954.359193095368,1051.71422025998,1283.0862
2005-03-10,"04",930.987956246777,1045.41330700875,1266.8793
2005-03-10,"05",912.389503076985,1027.76838411217,1268.7463
2005-03-10,"06",891.256622908596,1017.08933856879,1282.2086
2005-03-10,"07",915.936324762257,1036.69359922792,1334.9274
2005-03-10,"08",963.351625560163,1098.97496716946,1411.298
2005-03-10,"09",1106.04058495466,1194.49132762279,1461.4093
2005-03-10,"10",1118.97443898123,1221.63525788224,1436.5256
2005-03-10,"11",1068.77025242335,1213.88899824801,1392.6793
2005-03-10,"12",1032.75675131221,1173.88643486604,1359.9558
2005-03-10,"13",1003.66874902579,1143.76641324593,1338.6283
2005-03-10,"14",1024.70130908227,1164.6234752117,1330.7594
2005-03-10,"15",1014.83620805539,1141.41373941017,1329.6592
2005-03-10,"16",1000.50961772787,1129.81314006158,1346.1838
2005-03-10,"17",1018.67930597157,1154.62670109183,1377.9097
2005-03-10,"18",1036.95289841341,1159.88269504203,1395.6729
2005-03-10,"19",1099.10003904799,1239.25344334186,1404.2626
2005-03-10,"20",1143.46123121504,1264.50892618154,1391.2593
2005-03-10,"21",1169.67514097803,1294.50942598862,1358.0737
2005-03-10,"22",1081.59447651707,1188.56764364516,1296.0703
2005-03-10,"23",1038.09194164131,1159.11467426489,1245.1295
2005-03-10,"00",1032.00758771775,1162.11573960468,1231.7653
2005-03-11,"01",1037.56036770266,1206.8327578018,1227.8503
2005-03-11,"02",995.60955673152,1104.26072332952,1207.33
2005-03-11,"03",954.270741065164,1042.77199677093,1172.2742
2005-03-11,"04",930.908301467695,1036.47238239536,1143.3458
2005-03-11,"05",912.320932270609,1018.82876227492,1132.1769
2005-03-11,"06",891.201330280486,1008.15102340748,1129.9541
2005-03-11,"07",915.883587556535,1027.75659464169,1153.9772
2005-03-11,"08",963.302204331788,1090.03927705677,1196.7416
2005-03-11,"09",1105.9883742225,1185.55695588141,1231.819
2005-03-11,"10",1118.92329311118,1212.70220840928,1220.0771
2005-03-11,"11",1068.7196222104,1204.95727493989,1183.0559
2005-03-11,"12",1032.71194857121,1164.95604161851,1145.8663
2005-03-11,"13",1003.63163885017,1134.83735395404,1118.6472
2005-03-11,"14",1024.66915524188,1155.69575376981,1102.4142
2005-03-11,"15",1014.80738665221,1132.48735971198,1090.714
2005-03-11,"16",1000.48178347622,1120.88810600007,1093.4757
2005-03-11,"17",1018.65338359842,1145.70301655931,1116.9192
2005-03-11,"18",1036.92927198749,1150.96036393009,1141.992
2005-03-11,"19",1099.08446424693,1230.33246954143,1169.2046
2005-03-11,"20",1143.44316962184,1255.58931358281,1177.7473
2005-03-11,"21",1169.65096283878,1285.59117848112,1162.1423
2005-03-11,"22",1081.5734409416,1179.65076511769,1131.353
2005-03-11,"23",1038.06886200815,1150.19916860555,1115.6251
2005-03-11,"00",1031.97899438474,1153.20161070088,1124.9088
2005-03-12,"01",1037.53352565917,1197.92000954022,1137.7029
2005-03-12,"02",995.590003004581,1095.34935959613,1140.235
2005-03-12,"03",954.257193609699,1033.86202145101,1131.6937
2005-03-12,"04",930.896454273048,1027.56379937346,1121.2987
2005-03-12,"05",912.311952182824,1009.92157543487,1119.9655
2005-03-12,"06",891.194738099695,999.245236632408,1127.1761
2005-03-12,"07",915.879389394684,1018.85221181399,1155.3809
2005-03-12,"08",963.299530744115,1081.13630205811,1203.7106
2005-03-12,"09",1105.99185634254,1176.65539259275,1246.3827
2005-03-12,"10",1118.92829671027,1203.80206071085,1238.6821
2005-03-12,"11",1068.72217549251,1196.05854671118,1208.0769
2005-03-12,"12",1032.71560465328,1156.05873673828,1184.6652
2005-03-12,"13",1003.63585629548,1125.94147630033,1170.0529
2005-03-12,"14",1024.67394775441,1146.80130721992,1160.6067
2005-03-12,"15",1014.81494345443,1123.59434814248,1153.8171
2005-03-12,"16",1000.4906408511,1111.99653328678,1157.5651
2005-03-12,"17",1018.66275950538,1136.81288657731,1178.4109
2005-03-12,"18",1036.94015842153,1142.07168055373,1198.5668
2005-03-12,"19",1099.09434358754,1221.4452366443,1210.2144
2005-03-12,"20",1143.45384113697,1246.70353503778,1200.9591
2005-03-12,"21",1169.66125805058,1276.70685816028,1179.0316
2005-03-12,"22",1081.58790545548,1170.76790689239,1156.6664
2005-03-12,"23",1038.08332468529,1141.31777634641,1151.1694
2005-03-12,"00",1031.99224965967,1144.32168827773,1165.391
2005-03-13,"01",1037.54580870811,1189.04156082216,1179.2455
2005-03-13,"02",995.601801360923,1086.4723884515,1177.9341
2005-03-13,"03",954.267720647773,1024.98653174737,1162.4922
2005-03-13,"04",930.906128262792,1018.68979497762,1144.6755
2005-03-13,"05",912.320772583911,1001.04906021289,1134.0957
2005-03-13,"06",891.202077590414,990.374214449561,1130.7599
2005-03-13,"07",915.887260750185,1009.98268653479,1148.5155
2005-03-13,"08",963.307419487757,1072.2682775463,1187.4534
2005-03-13,"09",1106.00264546359,1167.7888727113,1227.3416
2005-03-13,"10",1118.93956743787,1194.93704932195,1235.9548
2005-03-13,"11",1068.73251203889,1187.19504767626,1224.4187
2005-03-13,"12",1032.72533139933,1147.19675391799,1212.4032
2005-03-13,"13",1003.64436056913,1117.08101355452,1205.0402
2005-03-13,"14",1024.68174423265,1137.94236840768,1202.1265
2005-03-13,"15",1014.82324036858,1114.73693712209,1203.6351
2005-03-13,"16",1000.49931988399,1103.14065391576,1217.7634
2005-03-13,"17",1018.67130267759,1127.95854271238,1243.701
2005-03-13,"18",1036.94886441026,1133.21887605083,1262.2697
2005-03-13,"19",1099.10108383156,1212.59397535857,1274.2152
2005-03-13,"20",1143.46141525619,1237.85382082355,1274.9927
2005-03-13,"21",1169.66985769734,1267.85869487112,1267.8651
2005-03-13,"22",1081.5975794623,1161.92129838104,1256.9343
2005-03-13,"23",1038.09340395334,1132.47272646483,1260.1619
2005-03-13,"00",1032.00293774503,1135.47820087707,1285.8655
2005-03-14,"01",1037.55576184251,1180.19963975276,1309.3687
2005-03-14,"02",995.610159583758,1077.63203756291,1309.4061
2005-03-14,"03",954.274449077989,1016.14775488832,1293.8921
2005-03-14,"04",930.912180644028,1009.85259599604,1281.9192
2005-03-14,"05",912.325945120319,992.213442955892,1283.1635
2005-03-14,"06",891.206225699166,981.540182763436,1293.7921
2005-03-14,"07",915.89115461296,1001.15024426502,1322.9636
2005-03-14,"08",963.311029748173,1063.43742853756,1364.3385
2005-03-14,"09",1106.00625701865,1158.95962080743,1396.9492
2005-03-14,"10",1118.94306062004,1186.10939836597,1398.7152
2005-03-14,"11",1068.73605598582,1178.36900151038,1382.6488
2005-03-14,"12",1032.72842544478,1138.37231638356,1365.9469
2005-03-14,"13",1003.64688399124,1108.25818849211,1349.5133
2005-03-14,"14",1024.68389289493,1129.121159657,1332.5442
2005-03-14,"15",1014.8250646924,1105.91734852203,1320.9955
2005-03-14,"16",1000.50103630097,1094.32268930437,1326.6903
2005-03-14,"17",1018.67286670405,1119.14220592688,1347.5431
2005-03-14,"18",1036.95021537867,1124.40417092759,1364.8275
2005-03-14,"19",1099.10188359561,1203.78090573313,1377.3915
2005-03-14,"20",1143.46237290968,1229.04239053062,1376.6104
2005-03-14,"21",1169.67126889112,1259.04890774455,1362.1316
2005-03-14,"22",1081.59863415328,1153.11315825384,1341.9987
2005-03-14,"23",1038.09460735606,1123.66623716916,1333.0939
2005-03-14,"00",1032.00457962334,1126.67336624424,1339.5105
2005-03-15,"01",1037.55730690219,1171.39646361324,1341.838
2005-03-15,"02",995.611193419857,1068.83052374631,1328.8187
2005-03-15,"03",954.275091498418,1007.34790722339,1307.3688
2005-03-15,"04",930.912726316609,1001.05441831067,1290.7887
2005-03-15,"05",912.326311416525,983.416939077125,1287.9937
2005-03-15,"06",891.206467964094,972.745356517448,1298.5261
2005-03-15,"07",915.89120680826,992.357099477124,1332.093
2005-03-15,"08",963.310971487495,1054.6459690322,1382.4185
2005-03-15,"09",1106.00566538588,1150.16985040819,1422.472
2005-03-15,"10",1118.94234258236,1177.32132089557,1424.7144
2005-03-15,"11",1068.73554047626,1169.58262079065,1403.3721
2005-03-15,"12",1032.72784983004,1129.58763623548,1379.074
2005-03-15,"13",1003.64630812862,1099.47521273575,1356.0726
2005-03-15,"14",1024.68329911991,1120.3398921116,1336.5564
2005-03-15,"15",1014.82425615845,1097.13779300592,1325.2687
2005-03-15,"16",1000.50012103992,1085.544849635,1327.4037
2005-03-15,"17",1018.67191837025,1110.36608592083,1341.492
2005-03-15,"18",1036.94915381369,1115.62977440055,1356.6333
2005-03-15,"19",1099.10095950602,1195.00823649991,1369.3735
2005-03-15,"20",1143.46136369165,1220.27145240512,1366.2596
2005-03-15,"21",1169.6702524998,1250.2797045398,1345.7147
2005-03-15,"22",1081.59728423071,1144.34569378197,1315.2651
2005-03-15,"23",1038.0932438104,1114.90051524141,1291.1278
2005-03-15,"00",1032.00328132212,1117.90939067095,1279.7484
2005-03-16,"01",1037.55610261242,1162.63423820385,1267.5428
2005-03-16,"02",995.610076654007,1060.07005230935,1246.764
2005-03-16,"03",954.274118789626,998.589193566513,1222.7021
2005-03-16,"04",930.911837122319,992.297466240614,1205.1676
2005-03-16,"05",912.325512054007,974.661752399706,1201.2803
2005-03-16,"06",891.205807680086,963.991939037591,1210.4591
2005-03-16,"07",915.890517152096,983.60545499884,1238.5568
2005-03-16,"08",963.310289942317,1045.89610135859,1278.5868
2005-03-16,"09",1106.00477618426,1141.42176334143,1307.0895
2005-03-16,"10",1118.9414233617,1168.57501823693,1304.6132
2005-03-16,"11",1068.7346873448,1160.83810634048,1282.0637
2005-03-16,"12",1032.72705501724,1120.84491379321,1255.6201
2005-03-16,"13",1003.6456189029,1090.73428609989,1231.6611
2005-03-16,"14",1024.68267241413,1111.60076507973,1213.4753
2005-03-16,"15",1014.82360433076,1088.4004693747,1204.9847
2005-03-16,"16",1000.49944576579,1076.80933320016,1210.5879
2005-03-16,"17",1018.67125781308,1101.63238047717,1227.4551
2005-03-16,"18",1036.9484884192,1106.89788374194,1242.0258
2005-03-16,"19",1099.10045175702,1186.27816441928,1250.1681
2005-03-16,"20",1143.46079172367,1211.54320269449,1245.6871
2005-03-16,"21",1169.66959295288,1241.5532809902,1228.4275
2005-03-16,"22",1081.59655946411,1135.62110018355,1206.6051
2005-03-16,"23",1038.09248550028,1106.17775538333,1193.8015
2005-03-16,"00",1032.00246586931,1109.18846834146,1193.211
2005-03-17,"01",1037.55534259719,1153.91515719024,1192.1631
2005-03-17,"02",995.609446670968,1051.35281639797,1183.9336
2005-03-17,"03",954.27361776044,989.873806542755,1173.1058
2005-03-17,"04",930.91138733669,983.583931888923,1167.084
2005-03-17,"05",912.325130829771,965.950074503572,1171.186
2005-03-17,"06",891.205503674794,955.282121379552,1186.93
2005-03-17,"07",915.890237278931,974.897501360474,1221.1956
2005-03-17,"08",963.310033831327,1037.19001552052,1266.5708
2005-03-17,"09",1106.00453712668,1132.71754908332,1300.5602
2005-03-17,"10",1118.94119663257,1159.87267933746,1306.2096
2005-03-17,"11",1068.73445021016,1152.13764657739,1292.4806
2005-03-17,"12",1032.72685193131,1112.14633694327,1275.2637
2005-03-17,"13",1003.64545672188,1082.0375959389,1260.7351
2005-03-17,"14",1024.68253767439,1102.90596538251,1251.7354
2005-03-17,"15",1014.82349960852,1079.7075639151,1252.2175
2005-03-17,"16",1000.49935205685,1068.11832575107,1265.2208
2005-03-17,"17",1018.67117603852,1092.94327481048,1286.9348
2005-03-17,"18",1036.9484255338,1098.21068362859,1305.5491
2005-03-17,"19",1099.10042412218,1177.5928736292,1317.2285
2005-03-17,"20",1143.46075536235,1202.85982499664,1316.4241
2005-03-17,"21",1169.66952425457,1232.87182015257,1302.8218
2005-03-17,"22",1081.5965269171,1126.94155997312,1284.027
2005-03-17,"23",1038.09244267768,1097.50013956611,1272.3641
2005-03-17,"00",1032.00238942098,1100.51278068246,1271.9735
2005-03-18,"01",1037.55527014015,1145.24140145348,1272.2325
2005-03-18,"02",995.609408143251,1042.68099634647,1265.8535
2005-03-18,"03",954.273602689383,981.203925938553,1256.6006
2005-03-18,"04",930.911376581634,974.915994493053,1251.6882
2005-03-18,"05",912.325130074862,957.284084076068,1256.6428
2005-03-18,"06",891.205507351247,946.618081679446,1272.3022
2005-03-18,"07",915.890255549598,966.235416145795,1303.6471
2005-03-18,"08",963.310059769594,1028.52988854829,1342.9885
2005-03-18,"09",1106.00460789048,1124.05938410955,1368.2745
2005-03-18,"10",1118.94127746721,1151.21648011717,1365.0421
2005-03-18,"11",1068.73451451533,1143.48341686457,1344.8728
2005-03-18,"12",1032.72691868818,1103.49408049089,1324.1859
2005-03-18,"13",1003.64552008649,1073.38731649894,1307.721
2005-03-18,"14",1024.68260029826,1094.25766670591,1297.0759
2005-03-18,"15",1014.82357843269,1071.0612497518,1295.8186
2005-03-18,"16",1000.49943931258,1059.47399984998,1305.2258
2005-03-18,"17",1018.67126519829,1084.30094091948,1320.771
2005-03-18,"18",1036.94852294862,1089.57034549453,1332.5742
2005-03-18,"19",1099.10050656977,1168.95453499794,1337.3773
2005-03-18,"20",1143.46084601328,1194.22348961297,1331.0375
2005-03-18,"21",1169.66961826579,1224.23749176027,1314.3132
2005-03-18,"22",1081.59664690883,1118.30924231493,1294.2953
2005-03-18,"23",1038.09256474334,1088.86983638374,1281.6868
2005-03-18,"00",1032.00250870081,1091.88449571659,1279.8641
2005-03-19,"01",1037.55538088781,1136.61513844374,1278.9513
2005-03-19,"02",995.609508404479,1034.05675903146,1271.763
2005-03-19,"03",954.273688479823,972.581718055813,1262.0287
2005-03-19,"04",930.911454728016,966.295819779096,1256.443
2005-03-19,"05",912.325199577029,948.665946266357,1259.5587
2005-03-19,"06",891.205564415936,938.001984508393,1272.3323
2005-03-19,"07",915.890313925639,957.621363346765,1298.2155
2005-03-19,"08",963.310116794874,1019.91788385359,1329.7812
2005-03-19,"09",1106.00467922947,1115.44943125045,1349.1681
2005-03-19,"10",1118.94135053939,1142.60858282387,1346.6311
2005-03-19,"11",1068.73458316625,1134.87757886621,1331.0592
2005-03-19,"12",1032.72698206565,1094.89030551556,1314.0388
2005-03-19,"13",1003.64557460171,1064.78560827366,1299.1499
2005-03-19,"14",1024.68264946363,1085.65802895665,1287.4196
2005-03-19,"15",1014.82362842379,1062.46368620345,1281.8207
2005-03-19,"16",1000.49949061483,1050.87851422637,1284.3519
2005-03-19,"17",1018.67131506121,1075.70753694337,1292.8252
2005-03-19,"18",1036.94857255212,1080.97902688762,1299.7935
2005-03-19,"19",1099.10054378247,1160.36530548083,1302.331
2005-03-19,"20",1143.46088808585,1185.63635290521,1296.55
2005-03-19,"21",1169.66966763229,1215.65245158032,1282.0667
2005-03-19,"22",1081.59669977514,1109.72630238019,1264.9436
2005-03-19,"23",1038.09262033286,1080.28900041051,1253.8848
2005-03-19,"00",1032.00256944381,1083.30576742008,1250.7183
2005-03-20,"01",1037.55543754367,1128.0385215381,1247.3167
2005-03-20,"02",995.609554681727,1025.48225722974,1238.6647
2005-03-20,"03",954.273724783669,964.009335069984,1228.2794
2005-03-20,"04",930.911487233656,957.72555932003,1221.7599
2005-03-20,"05",912.325226860291,940.097812043836,1224.0704
2005-03-20,"06",891.205586033439,929.435980231108,1237.3043
2005-03-20,"07",915.890333352733,949.057492722307,1263.9282
2005-03-20,"08",963.310134277779,1011.35615058846,1296.3035
2005-03-20,"09",1106.00469405243,1106.88983905004,1317.7808
2005-03-20,"10",1118.94136416285,1134.05113539247,1319.2805
2005-03-20,"11",1068.734598073,1126.32227990701,1307.1154
2005-03-20,"12",1032.72699445959,1086.33715873066,1291.3134
2005-03-20,"13",1003.64558417556,1056.23461736403,1276.131
2005-03-20,"14",1024.68265709621,1077.10919762216,1263.4165
2005-03-20,"15",1014.82363339084,1053.91701814285,1256.5382
2005-03-20,"16",1000.49949452728,1042.33401313731,1257.6826
2005-03-20,"17",1018.67131805951,1067.16520652239,1265.1763
2005-03-20,"18",1036.94857393352,1072.43887083013,1272.6984
2005-03-20,"19",1099.1005431152,1151.82732748112,1276.8794
2005-03-20,"20",1143.46088778448,1177.10055665646,1273.7274
2005-03-20,"21",1169.66966954033,1207.11884077459,1263.0082
2005-03-20,"22",1081.59669826435,1101.19488070839,1250.6656
2005-03-20,"23",1038.09261949302,1071.75977156245,1243.5092
2005-03-20,"00",1032.00257110416,1074.77873508444,1242.086
2005-03-21,"01",1037.55543918995,1119.51368940242,1239.2363
2005-03-21,"02",995.60955423202,1016.95962898043,1231.3015
2005-03-21,"03",954.273723117745,955.488914392324,1222.5896
2005-03-21,"04",930.91148550218,949.207349898161,1218.8906
2005-03-21,"05",912.325224689264,931.581817560764,1224.7098
2005-03-21,"06",891.205583943894,920.922204368697,1241.5624
2005-03-21,"07",915.890330175289,940.545939161282,1270.7422
2005-03-21,"08",963.31013059435,1002.8468230084,1304.028
2005-03-21,"09",1106.00468670221,1098.38274112938,1325.0438
2005-03-21,"10",1118.94135603436,1125.5462708085,1325.8306
2005-03-21,"11",1068.73459126672,1117.81965233587,1313.1758
2005-03-21,"12",1032.72698764654,1077.83677184734,1297.017
2005-03-21,"13",1003.6455778904,1047.73647484236,1281.7798
2005-03-21,"14",1024.68265103617,1068.61330313482,1269.7601
2005-03-21,"15",1014.82362614433,1045.42337536138,1264.4341
2005-03-21,"16",1000.49948663409,1033.84262573207,1267.1279
2005-03-21,"17",1018.67131007593,1058.67607816258,1275.4213
2005-03-21,"18",1036.94856536759,1063.95200518379,1283.4282
2005-03-21,"19",1099.1005360203,1143.34272821513,1287.659
2005-03-21,"20",1143.46087994495,1168.61822743654,1284.6635
2005-03-21,"21",1169.66966122513,1198.63878526528,1274.4274
2005-03-21,"22",1081.59668797717,1092.71710257308,1262.3158
2005-03-21,"23",1038.09260896923,1063.28427446333,1254.6887
2005-03-21,"00",1032.00256061279,1066.30552268255,1252.3268
2005-03-22,"01",1037.55542944108,1111.04276535761,1248.9314
2005-03-22,"02",995.60954556825,1008.49099695139,1241.3893
2005-03-22,"03",954.273715810386,947.022578036536,1234.1012
2005-03-22,"04",930.911478864313,940.74331287195,1232.8671
2005-03-22,"05",912.32521883812,923.120083519266,1241.7635
2005-03-22,"06",891.205579164847,912.462776965862,1261.9952
2005-03-22,"07",915.890325373193,932.088822049875,1293.4993
2005-03-22,"08",963.310125951526,994.392019839995,1326.9938
2005-03-22,"09",1106.00468112047,1089.93025555436,1347.0863
2005-03-22,"10",1118.94135036763,1117.09610647606,1347.7069
2005-03-22,"11",1068.73458587606,1109.37181289401,1335.925
2005-03-22,"12",1032.7269827141,1069.39126094286,1321.265
2005-03-22,"13",1003.64557368236,1039.29329612087,1308.1102
2005-03-22,"14",1024.68264727325,1060.17246024072,1298.485
2005-03-22,"15",1014.82362240814,1036.98487193787,1295.363
2005-03-22,"16",1000.49948283818,1025.40646542114,1299.6864
2005-03-22,"17",1018.67130641251,1050.24226460504,1308.7614
2005-03-22,"18",1036.94856177472,1055.52054201922,1316.9314
2005-03-22,"19",1099.10053337917,1134.91361908192,1320.7637
2005-03-22,"20",1143.46087694479,1160.19147597184,1317.2823
2005-03-22,"21",1169.66965763244,1190.21439510505,1306.3043
2005-03-22,"22",1081.59668424401,1084.29507735205,1292.855
2005-03-22,"23",1038.09260501983,1054.86461781504,1282.8971
2005-03-22,"00",1032.00255621476,1057.88823823928,1277.0354
2005-03-23,"01",1037.55542533569,1102.62785675046,1270.3458
2005-03-23,"02",995.609542272354,1000.07846781021,1261.068
2005-03-23,"03",954.273713267058,938.612431989971,1253.497
2005-03-23,"04",930.911476594677,932.335553547409,1252.4427
2005-03-23,"05",912.325216956141,914.71471454293,1261.2999
2005-03-23,"06",891.205577685636,904.059801962685,1281.0697
2005-03-23,"07",915.890324085501,923.688244643576,1310.7505
2005-03-23,"08",963.310124819155,985.993843653064,1341.1118
2005-03-23,"09",1106.00468029613,1081.53448420805,1357.9077
2005-03-23,"10",1118.94134965387,1108.70274359039,1356.012
2005-03-23,"11",1068.73458502783,1100.98086208775,1342.2712
2005-03-23,"12",1032.72698204575,1061.00272583354,1325.675
2005-03-23,"13",1003.64557319897,1030.90718032479,1310.543
2005-03-23,"14",1024.68264692164,1051.78876737293,1298.8475
2005-03-23,"15",1014.82362228517,1028.60360561217,1293.2372
2005-03-23,"16",1000.49948281139,1017.02762925008,1294.3295
2005-03-23,"17",1018.67130645399,1041.86586219992,1299.6978
2005-03-23,"18",1036.94856195058,1047.1465769901,1304.6176
2005-03-23,"19",1099.10053365449,1126.54209503759,1305.7734
2005-03-23,"20",1143.46087721785,1151.82239651984,1300.1072
2005-03-23,"21",1169.66965776245,1181.84776385167,1287.3275
2005-03-23,"22",1081.59668468193,1075.93089790231,1272.1813
2005-03-23,"23",1038.09260541739,1046.5028937727,1260.0778
2005-03-23,"00",1032.00255643213,1049.52897320685,1251.765
2005-03-24,"01",1037.55542553043,1094.27105432916,1243.5607
2005-03-24,"02",995.609542582332,991.724131600017,1234.2712
2005-03-24,"03",954.273713620609,930.260565589582,1227.6024
2005-03-24,"04",930.911476931478,923.986160554251,1227.6333
2005-03-24,"05",912.325217299126,906.367798553157,1237.2794
2005-03-24,"06",891.20557798842,895.715366571179,1257.3036
2005-03-24,"07",915.890324466914,915.346293443944,1286.1191
2005-03-24,"08",963.310125231706,977.654380237631,1314.7471
2005-03-24,"09",1106.00468100117,1073.19751216786,1330.1578
2005-03-24,"10",1118.94135041751,1100.36826651521,1328.081
2005-03-24,"11",1068.734585688,1092.64888356607,1314.9655
2005-03-24,"12",1032.72698269163,1052.67324945255,1299.2205
2005-03-24,"13",1003.64557378385,1022.5802096704,1285.3251
2005-03-24,"14",1024.68264747605,1043.46430602975,1275.3165
2005-03-24,"15",1014.82362292367,1020.28165716354,1271.2812
2005-03-24,"16",1000.49948349808,1008.70819727804,1273.2714
2005-03-24,"17",1018.67130714293,1033.54895028521,1278.7891
2005-03-24,"18",1036.94856267895,1038.83218871216,1283.5396
2005-03-24,"19",1099.100534247,1118.23023397457,1284.3689
2005-03-24,"20",1143.46087787519,1143.51306624859,1278.9792
2005-03-24,"21",1169.66965847285,1173.54096794773,1267.8247
2005-03-24,"22",1081.59668553804,1067.62663993992,1255.4454
2005-03-24,"23",1038.09260629737,1038.2011773248,1246.4038
2005-03-24,"00",1032.00255732424,1041.22980184506,1241.0774
2005-03-25,"01",1037.5554263599,1085.97443162381,1236.1804
2005-03-25,"02",995.609543308189,983.430061120101,1230.5922
2005-03-25,"03",954.273714225202,921.969050902802,1227.5524
2005-03-25,"04",930.911477479402,915.697205226985,1230.7114
2005-03-25,"05",912.325217778277,898.081406150469,1242.583
2005-03-25,"06",891.205578377997,887.431540656812,1263.7225
2005-03-25,"07",915.890324851882,907.065037580322,1292.0543
2005-03-25,"08",963.310125600336,969.375697985856,1318.88
2005-03-25,"09",1106.00468142707,1064.92140708771,1332.7916
2005-03-25,"10",1118.94135084589,1092.09474216514,1330.8326
2005-03-25,"11",1068.73458610093,1084.3779435032,1319.088
2005-03-25,"12",1032.72698306598,1044.40489723267,1304.9922
2005-03-25,"13",1003.64557410047,1014.31444884798,1292.5529
2005-03-25,"14",1024.68264775658,1035.20114015792,1283.5673
2005-03-25,"15",1014.82362319497,1012.0210897941,1279.8756
2005-03-25,"16",1000.4994837705,1000.45023196144,1281.4579
2005-03-25,"17",1018.67130740377,1025.29359057057,1285.9304
2005-03-25,"18",1036.94856293041,1030.57943814726,1289.5602
2005-03-25,"19",1099.10053442707,1109.98009610584,1289.7311
2005-03-25,"20",1143.46087808112,1135.26554462114,1284.7362
2005-03-25,"21",1169.66965872571,1165.29606610529,1275.1584
2005-03-25,"22",1081.59668579103,1059.3843614249,1265.0798
2005-03-25,"23",1038.09260656715,1029.96152567824,1258.3053
2005-03-25,"00",1032.00255763182,1032.99278060667,1254.626
2005-03-26,"01",1037.55542664744,1077.74004433192,1250.9011
2005-03-26,"02",995.609543534146,975.198311311717,1246.3423
2005-03-26,"03",954.273714395843,913.739942113548,1244.1985
2005-03-26,"04",930.911477630973,907.470740991136,1248.0258
2005-03-26,"05",912.32521790188,889.857590000939,1260.2672
2005-03-26,"06",891.205578474076,879.210376125152,1281.3844
2005-03-26,"07",915.890324931794,898.846528196719,1308.75
2005-03-26,"08",963.310125668087,961.159847279131,1333.8033
2005-03-26,"09",1106.00468146344,1056.70821858532,1346.3328
2005-03-26,"10",1118.94135087244,1083.88421939316,1344.173
2005-03-26,"11",1068.73458614048,1076.17008998634,1333.0659
2005-03-26,"12",1032.72698309305,1036.19971649429,1319.6946
2005-03-26,"13",1003.64557411627,1006.11194441003,1307.5623
2005-03-26,"14",1024.68264776396,1027.00131554099,1298.226
2005-03-26,"15",1014.82362318328,1003.82394851739,1293.4071
2005-03-26,"16",1000.49948375039,992.255777542785,1293.1572
2005-03-26,"17",1018.67130737868,1017.10182652641,1295.4728
2005-03-26,"18",1036.94856289439,1022.39036799267,1297.3059
2005-03-26,"19",1099.10053438832,1101.79372335449,1296.2969
2005-03-26,"20",1143.46087804046,1127.08187278531,1290.7517
2005-03-26,"21",1169.66965869367,1157.11509869589,1281.048
2005-03-26,"22",1081.59668573221,1051.20610195143,1270.7705
2005-03-26,"23",1038.09260651042,1021.78597764882,1263.1849
2005-03-26,"00",1032.00255758767,1024.81994752801,1257.9944
2005-03-27,"01",1037.55542660687,1069.56992970935,1252.69
2005-03-27,"03",995.609543488673,967.030918649159,1247.0806
2005-03-27,"04",954.273714351175,905.575274913526,1244.5107
2005-03-27,"05",930.911477589332,899.308802754771,1248.428
2005-03-27,"06",912.325217862012,881.698384227948,1261.032
2005-03-27,"07",891.205578439914,871.053906313848,1282.4437
2005-03-27,"08",915.890324892204,890.692797844005,1309.4846
2005-03-27,"09",963.310125626758,953.008859880503,1333.6132
2005-03-27,"10",1106.00468139931,1048.55997763486,1345.3724
2005-03-27,"11",1118.94135080404,1075.73872838354,1343.0774
2005-03-27,"12",1068.73458608003,1068.02735240882,1332.1465
2005-03-27,"13",1032.72698303477,1028.0597358387,1318.6757
2005-03-27,"14",1003.64557406431,997.974724164799,1305.9855
2005-03-27,"15",1024.68264771522,1018.86685919312,1295.7223
2005-03-27,"16",1014.82362312882,995.692259552455,1289.6104
2005-03-27,"17",1000.4994836925,984.126859444947,1287.8354
2005-03-27,"18",1018.67130732094,1008.9756827784,1288.741
2005-03-27,"19",1036.94856283421,1014.26700207578,1289.6465
2005-03-27,"20",1099.10053434018,1093.6731387486,1288.1681
2005-03-27,"21",1143.4608779868,1118.96407296886,1282.6156
2005-03-27,"22",1169.66965863466,1149.00008714589,1273.3383
2005-03-27,"23",1081.59668566285,1043.09388214346,1263.523
2005-03-27,"00",1038.09260643876,1013.67655305702,1255.943
2005-03-27,"01",1032.00255751398,1016.71332162508,1250.291
2005-03-28,"02",1037.55542653827,1061.46610596655,1244.6857
2005-03-28,"03",995.609543429472,958.929900536311,1239.4203
2005-03-28,"04",954.273714302437,897.477065899005,1237.7592
2005-03-28,"05",930.911477545209,891.213406305509,1242.9148
2005-03-28,"06",912.325217823752,873.605803809429,1256.7961
2005-03-28,"07",891.205578408981,862.964145390108,1279.1796
2005-03-28,"08",915.890324862081,882.605859877629,1306.3416
2005-03-28,"09",963.310125598149,944.924748332624,1329.7288
2005-03-28,"10",1106.00468136765,1040.47869596516,1340.6648
2005-03-28,"11",1118.94135077251,1067.66028005024,1338.0225
2005-03-28,"12",1068.73458604918,1059.95174086868,1327.0782
2005-03-28,"13",1032.72698300711,1019.98696454703,1313.5978
2005-03-28,"14",1003.6455740411,989.904796575443,1300.8473
2005-03-28,"15",1024.68264769496,1010.79977875846,1290.487
2005-03-28,"16",1014.82362310988,987.62802972341,1284.0839
2005-03-28,"17",1000.49948367363,976.065483670966,1281.7778
2005-03-28,"18",1018.67130730308,1000.91716450746,1282.01
2005-03-28,"19",1036.94856281746,1006.2113447544,1282.3134
2005-03-28,"20",1099.10053432842,1085.62034582182,1280.4447
2005-03-28,"21",1143.46087797333,1110.91414788025,1274.9258
2005-03-28,"22",1169.66965861759,1140.95303333754,1266.19
2005-03-28,"23",1081.59668564656,1035.04970305598,1257.0889
2005-03-28,"00",1038.09260642138,1005.63525212954,1249.9325
2005-03-28,"01",1032.00255749345,1008.67490229526,1244.3337
2005-03-29,"02",1037.55542651905,1053.43057167057,1238.8691
2005-03-29,"03",995.609543414764,950.897254708846,1234.2249
2005-03-29,"04",954.273714291638,889.447311973262,1233.5956
2005-03-29,"05",930.911477535715,883.186547713202,1239.9508
2005-03-29,"06",912.325217816225,865.581843980783,1254.8767
2005-03-29,"07",891.205578403171,854.943087753855,1277.7775
2005-03-29,"08",915.890324857635,874.587707861011,1304.5214
2005-03-29,"09",963.310125594638,936.909505361385,1326.7809
2005-03-29,"10",1106.00468136713,1032.46636546355,1336.7524
2005-03-29,"11",1118.94135077274,1059.650865441,1333.8055
2005-03-29,"12",1068.73458604834,1051.94524557308,1323.0784
2005-03-29,"13",1032.72698300698,1011.98339198481,1310.0504
2005-03-29,"14",1003.64557404166,981.904150164839,1297.8986
2005-03-29,"15",1024.682647696,1002.80206191622,1288.264
2005-03-29,"16",1014.82362311248,979.63324586476,1282.5332
2005-03-29,"17",1000.49948367697,968.073636209633,1280.6647
2005-03-29,"18",1018.67130730679,992.928256855661,1281.0792
2005-03-29,"19",1036.94856282196,998.225380322829,1281.5442
2005-03-29,"20",1099.10053433271,1077.63732801967,1280.0347
2005-03-29,"21",1143.46087797796,1102.93408011518,1275.2646
2005-03-29,"22",1169.66965862175,1132.97591901571,1267.677
2005-03-29,"23",1081.59668565302,1027.07554558202,1259.7634
2005-03-29,"00",1038.09260642768,997.664054906563,1253.4684
2005-03-29,"01",1032.00255749896,1000.70666872486,1248.4602
2005-03-30,"02",1037.55542652422,1045.4653051528,1243.7683
2005-03-30,"03",995.609543419973,942.934958642252,1240.3851
2005-03-30,"04",954.273714296444,881.487989754852,1241.4009
2005-03-30,"05",930.911477540084,875.230202738456,1249.5181
2005-03-30,"06",912.325217820326,857.62847964365,1265.9363
2005-03-30,"07",891.205578406597,846.992707446749,1289.593
2005-03-30,"08",915.890324861401,866.640314974811,1315.9249
2005-03-30,"09",963.310125598437,928.965103285434,1336.831
2005-03-30,"10",1106.00468137282,1024.52495758565,1345.4258
2005-03-30,"11",1118.94135077871,1051.71245514742,1341.7122
2005-03-30,"12",1068.7345860536,1044.00983624854,1330.805
2005-03-30,"13",1032.72698301211,1004.05098701248,1317.8876
2005-03-30,"14",1003.64557404614,973.974752926356,1305.9625
2005-03-30,"15",1024.68264770007,994.875675791667,1296.5624
2005-03-30,"16",1014.82362311693,971.709874232677,1290.8323
2005-03-30,"17",1000.49948368179,960.153282447001,1288.5763
2005-03-30,"18",1018.67130731147,985.010924337913,1288.2687
2005-03-30,"19",1036.94856282686,990.311072423842,1287.8732
2005-03-30,"20",1099.10053433655,1069.72604811176,1285.5156
2005-03-30,"21",1143.46087798226,1095.02583156912,1280.091
2005-03-30,"22",1169.66965862658,1125.0707052007,1272.142
2005-03-30,"23",1081.59668565847,1019.17336986571,1263.9806
2005-03-30,"00",1038.09260643339,989.764920655028,1257.3452
2005-03-30,"01",1032.00255750486,992.810579302613,1251.9983
2005-03-31,"02",1037.55542652965,1037.57226392279,1247.3286
2005-03-31,"03",995.609543424692,935.044968965866,1244.4988
2005-03-31,"04",954.273714300288,873.601054991898,1246.3777
2005-03-31,"05",930.911477543591,867.346326247171,1255.3378
2005-03-31,"06",912.325217823285,849.747664780702,1272.2267
2005-03-31,"07",891.205578408981,839.114957567228,1295.6257
2005-03-31,"08",915.89032486365,858.76563343223,1320.7207
2005-03-31,"09",963.310125600624,921.09349343173,1339.7668
2005-03-31,"10",1106.00468137506,1016.65642277118,1346.7799
2005-03-31,"11",1118.94135078085,1043.84699872096,1342.2701
2005-03-31,"12",1068.73458605591,1036.14746155726,1331.1699
2005-03-31,"13",1032.72698301408,996.191697402005,1318.24
2005-03-31,"14",1003.64557404782,966.1185517407,1306.2057
2005-03-31,"15",1024.6826477015,987.022566373254,1296.4335
2005-03-31,"16",1014.8236231182,963.859859922345,1289.8824
2005-03-31,"17",1000.49948368303,952.306366583996,1286.3492
2005-03-31,"18",1018.67130731262,977.167110259886,1284.5072
2005-03-31,"19",1036.94856282792,982.470363466849,1282.6202
2005-03-31,"20",1099.10053433722,1061.88844761026,1279.0759
2005-03-31,"21",1143.46087798306,1087.19134285597,1273.0039
2005-03-31,"22",1169.66965862758,1117.23933160716,1265.0366
2005-03-31,"23",1081.5966856594,1011.34511472143,1257.2516
2005-03-31,"00",1038.09260643452,981.939787288061,1251.075
2005-03-31,"01",1032.00255750618,984.988571039406,1246.2206
